{
  "id": "2689879",
  "name": "person-blog",
  "font_family": "iconfont",
  "css_prefix_text": "icon-",
  "description": "",
  "glyphs": [
    {
      "icon_id": "13105239",
      "name": "vue",
      "font_class": "vue",
      "unicode": "e627",
      "unicode_decimal": 58919
    },
    {
      "icon_id": "18986691",
      "name": "GitHub",
      "font_class": "github",
      "unicode": "e8c6",
      "unicode_decimal": 59590
    },
    {
      "icon_id": "7831718",
      "name": "echart",
      "font_class": "echart",
      "unicode": "e601",
      "unicode_decimal": 58881
    },
    {
      "icon_id": "10636151",
      "name": "gitee",
      "font_class": "gitee",
      "unicode": "e602",
      "unicode_decimal": 58882
    },
    {
      "icon_id": "22783395",
      "name": "饿了么",
      "font_class": "elment",
      "unicode": "e603",
      "unicode_decimal": 58883
    },
    {
      "icon_id": "10185188",
      "name": "发表",
      "font_class": "fabiao",
      "unicode": "e60c",
      "unicode_decimal": 58892
    },
    {
      "icon_id": "9098039",
      "name": "管理员",
      "font_class": "guanliyuan",
      "unicode": "e752",
      "unicode_decimal": 59218
    },
    {
      "icon_id": "22046255",
      "name": "时 间",
      "font_class": "shijian",
      "unicode": "e6d9",
      "unicode_decimal": 59097
    },
    {
      "icon_id": "4218721",
      "name": "浏览",
      "font_class": "liulan-copy",
      "unicode": "e600",
      "unicode_decimal": 58880
    },
    {
      "icon_id": "17851676",
      "name": "作者",
      "font_class": "zuozhe",
      "unicode": "e750",
      "unicode_decimal": 59216
    },
    {
      "icon_id": "23027729",
      "name": "首页",
      "font_class": "shouye",
      "unicode": "e668",
      "unicode_decimal": 58984
    },
    {
      "icon_id": "23027731",
      "name": "定位",
      "font_class": "dingwei",
      "unicode": "e669",
      "unicode_decimal": 58985
    },
    {
      "icon_id": "23027733",
      "name": "邮件",
      "font_class": "youjian",
      "unicode": "e66a",
      "unicode_decimal": 58986
    },
    {
      "icon_id": "23027734",
      "name": "标签",
      "font_class": "biaoqian",
      "unicode": "e66b",
      "unicode_decimal": 58987
    },
    {
      "icon_id": "23027735",
      "name": "统计",
      "font_class": "tongji",
      "unicode": "e66c",
      "unicode_decimal": 58988
    },
    {
      "icon_id": "23027737",
      "name": "文件",
      "font_class": "wenjian",
      "unicode": "e66d",
      "unicode_decimal": 58989
    },
    {
      "icon_id": "23027741",
      "name": "分类",
      "font_class": "fenlei",
      "unicode": "e66e",
      "unicode_decimal": 58990
    },
    {
      "icon_id": "23027744",
      "name": "搜索",
      "font_class": "sousuo",
      "unicode": "e66f",
      "unicode_decimal": 58991
    },
    {
      "icon_id": "23027747",
      "name": "我的",
      "font_class": "wode",
      "unicode": "e670",
      "unicode_decimal": 58992
    },
    {
      "icon_id": "23027751",
      "name": "二维码",
      "font_class": "erweima",
      "unicode": "e671",
      "unicode_decimal": 58993
    },
    {
      "icon_id": "381583",
      "name": "back-top",
      "font_class": "backtop",
      "unicode": "e606",
      "unicode_decimal": 58886
    }
  ]
}
