{
  "id": "2689879",
  "name": "person-blog",
  "font_family": "iconfont",
  "css_prefix_text": "icon-",
  "description": "",
  "glyphs": [
    {
      "icon_id": "23027729",
      "name": "首页",
      "font_class": "shouye",
      "unicode": "e668",
      "unicode_decimal": 58984
    },
    {
      "icon_id": "23027731",
      "name": "定位",
      "font_class": "dingwei",
      "unicode": "e669",
      "unicode_decimal": 58985
    },
    {
      "icon_id": "23027733",
      "name": "邮件",
      "font_class": "youjian",
      "unicode": "e66a",
      "unicode_decimal": 58986
    },
    {
      "icon_id": "23027734",
      "name": "标签",
      "font_class": "biaoqian",
      "unicode": "e66b",
      "unicode_decimal": 58987
    },
    {
      "icon_id": "23027735",
      "name": "统计",
      "font_class": "tongji",
      "unicode": "e66c",
      "unicode_decimal": 58988
    },
    {
      "icon_id": "23027737",
      "name": "文件",
      "font_class": "wenjian",
      "unicode": "e66d",
      "unicode_decimal": 58989
    },
    {
      "icon_id": "23027741",
      "name": "分类",
      "font_class": "fenlei",
      "unicode": "e66e",
      "unicode_decimal": 58990
    },
    {
      "icon_id": "23027744",
      "name": "搜索",
      "font_class": "sousuo",
      "unicode": "e66f",
      "unicode_decimal": 58991
    },
    {
      "icon_id": "23027747",
      "name": "我的",
      "font_class": "wode",
      "unicode": "e670",
      "unicode_decimal": 58992
    },
    {
      "icon_id": "23027751",
      "name": "二维码",
      "font_class": "erweima",
      "unicode": "e671",
      "unicode_decimal": 58993
    },
    {
      "icon_id": "381583",
      "name": "back-top",
      "font_class": "backtop",
      "unicode": "e606",
      "unicode_decimal": 58886
    }
  ]
}
